[
  {
    "value": "is",
    "synonyms": [
      "is",
      "are",
      "be",
      "exist"
    ]
  },
  {
    "value": "many",
    "synonyms": [
      "many",
      "much",
      "more"
    ]
  },
  {
    "value": "count",
    "synonyms": [
      "count",
      "amount",
      "number",
      "left",
      "remaining",
      "persist",
      "present",
      "stock count"
    ]
  },
  {
    "value": "price",
    "synonyms": [
      "price",
      "cost",
      "rate",
      "charge"
    ]
  }
]