[
  {
    "value": "grocery",
    "synonyms": [
      "grocery",
      "groceries"
    ]
  },
  {
    "value": "snack",
    "synonyms": [
      "snack",
      "snacks"
    ]
  },
  {
    "value": "personal hygiene",
    "synonyms": [
      "personal hygiene",
      "personal hygienes",
      "hygiene"
    ]
  },
  {
    "value": "diet",
    "synonyms": [
      "diet",
      "diet and nutrition",
      "nutrition",
      "diets",
      "nutritions",
      "diets and nutritions"
    ]
  },
  {
    "value": "sweets",
    "synonyms": [
      "sweets",
      "sweet"
    ]
  },
  {
    "value": "pet supplies",
    "synonyms": [
      "pet supplies",
      "pet supply",
      "pet food",
      "pet foods"
    ]
  }
]