[
  {
    "id": "8e2ee1d4-eb9c-4631-9efd-39873df5b046",
    "data": [
      {
        "text": "Would you like to help me?",
        "userDefined": false
      }
    ],
    "isTemplate": false,
    "count": 0,
    "updated": 1537547491
  },
  {
    "id": "e3557177-0d3f-4fee-8274-fc6715b3164e",
    "data": [
      {
        "text": "Can I ask you something?",
        "userDefined": false
      }
    ],
    "isTemplate": false,
    "count": 0,
    "updated": 0
  },
  {
    "id": "7ae34540-d855-40e7-b0a2-18558fce033d",
    "data": [
      {
        "text": "I need to know something",
        "userDefined": false
      }
    ],
    "isTemplate": false,
    "count": 0,
    "updated": 1537547140
  },
  {
    "id": "0a0c5923-e3e9-455a-b7c2-4efcfc61b2ad",
    "data": [
      {
        "text": "I need your help",
        "userDefined": false
      }
    ],
    "isTemplate": false,
    "count": 0,
    "updated": 1537547140
  },
  {
    "id": "d0ba29aa-db83-463b-9c5b-a020569e87fd",
    "data": [
      {
        "text": "I got a question to ask",
        "userDefined": false
      }
    ],
    "isTemplate": false,
    "count": 0,
    "updated": 1537547140
  },
  {
    "id": "8bb74cf0-9fcc-41b6-8581-bb40a014a1dd",
    "data": [
      {
        "text": "I need some help",
        "userDefined": false
      }
    ],
    "isTemplate": false,
    "count": 0,
    "updated": 1537547140
  },
  {
    "id": "593f4338-8616-49ce-b4f1-c40bc112e57d",
    "data": [
      {
        "text": "Please help me with my query",
        "userDefined": false
      }
    ],
    "isTemplate": false,
    "count": 0,
    "updated": 1537547140
  },
  {
    "id": "6c0787e0-6014-4dac-b8ae-beb5eb6a0d36",
    "data": [
      {
        "text": "Please help me",
        "userDefined": false
      }
    ],
    "isTemplate": false,
    "count": 0,
    "updated": 1537547140
  },
  {
    "id": "30f85509-8483-4089-bd32-2f09dac0a3b5",
    "data": [
      {
        "text": "Please help me with my doubt",
        "userDefined": false
      }
    ],
    "isTemplate": false,
    "count": 0,
    "updated": 1537547140
  },
  {
    "id": "e153553e-92af-4a85-960c-f253ffaac5dd",
    "data": [
      {
        "text": "I want to know something",
        "userDefined": false
      }
    ],
    "isTemplate": false,
    "count": 0,
    "updated": 1537547140
  },
  {
    "id": "c6868bf3-3c00-438a-b45d-06baed3f780e",
    "data": [
      {
        "text": "I have a question.",
        "userDefined": false
      }
    ],
    "isTemplate": false,
    "count": 0,
    "updated": 1537547140
  },
  {
    "id": "84a0609b-14fc-487a-98d3-0af6219871e8",
    "data": [
      {
        "text": "I have a doubt.",
        "userDefined": false
      }
    ],
    "isTemplate": false,
    "count": 0,
    "updated": 1537547140
  }
]