[
  {
    "id": "8dd9b37d-606f-452f-8c92-8327480f5e69",
    "data": [
      {
        "text": "@typeOfChange:change the price of @sys.any:itemName @typeOfPrice:changeType @sys.number:number",
        "userDefined": false
      }
    ],
    "isTemplate": true,
    "count": 2,
    "updated": 1537570181
  },
  {
    "id": "091e9892-8c58-49d0-86b3-0e7d6af46cdd",
    "data": [
      {
        "text": "I want to @typeOfChange:change the price of @sys.any:itemName @typeOfPrice:changeType @sys.number:number",
        "userDefined": false
      }
    ],
    "isTemplate": true,
    "count": 0,
    "updated": 1537566776
  }
]