[
  {
    "id": "d701e9dc-a435-4cd5-889a-c7d669e2ae61",
    "data": [
      {
        "text": "I want to @typeOfChange:change the count of @sys.any:itemName @typeOfPrice:changeType @sys.number:count",
        "userDefined": false
      }
    ],
    "isTemplate": true,
    "count": 0,
    "updated": 1537572213
  },
  {
    "id": "8bb39e1a-12f4-4908-ada2-b5664a679bcc",
    "data": [
      {
        "text": "@typeOfChange:change the count of @sys.any:itemName @typeOfPrice:changeType @sys.number:count",
        "userDefined": false
      }
    ],
    "isTemplate": true,
    "count": 0,
    "updated": 1537572213
  }
]