[
  {
    "id": "29c6afd4-a18e-4976-a268-dadda6332bc3",
    "data": [
      {
        "text": "@typeOfChange:change the count @typeOfPrice:changeType @sys.number:count",
        "userDefined": false
      }
    ],
    "isTemplate": true,
    "count": 0,
    "updated": 1537573036
  },
  {
    "id": "07131be0-76a4-43b8-b5ca-c303ac09656f",
    "data": [
      {
        "text": "@typeOfChange:change its count @typeOfPrice:changeType @sys.number:count",
        "userDefined": false
      }
    ],
    "isTemplate": true,
    "count": 0,
    "updated": 1537572874
  }
]