[
  {
    "id": "8f111873-3303-4b25-8a11-9a2c2eee6a67",
    "data": [
      {
        "text": "Tell me the @commonTerms:itemType of @sys.any:itemName available",
        "userDefined": false
      }
    ],
    "isTemplate": true,
    "count": 0,
    "updated": 1537555885
  },
  {
    "id": "dd4634a2-ff94-4c16-b774-41ffe67ab8ef",
    "data": [
      {
        "text": "Give me the @commonTerms:itemType   of @sys.any:itemName?",
        "userDefined": false
      }
    ],
    "isTemplate": true,
    "count": 0,
    "updated": 1537555885
  },
  {
    "id": "fb97a26d-c356-4931-9d13-cb3d82d9257c",
    "data": [
      {
        "text": "Tell me the @commonTerms:itemType of @sys.any:itemName",
        "userDefined": false
      }
    ],
    "isTemplate": true,
    "count": 1,
    "updated": 1537554003
  },
  {
    "id": "9a9773e9-ef15-45e0-ade6-d87b925dba4a",
    "data": [
      {
        "text": "How many @sys.any:itemName are @commonTerms:itemType?",
        "userDefined": false
      }
    ],
    "isTemplate": true,
    "count": 0,
    "updated": 1537554003
  },
  {
    "id": "bc5b6c11-22f1-4ec2-b3a8-a18ff030fba2",
    "data": [
      {
        "text": "What is the @commonTerms:itemType of @sys.any:itemName ?",
        "userDefined": false
      }
    ],
    "isTemplate": true,
    "count": 0,
    "updated": 1537555212
  }
]