[
  {
    "id": "2921273a-a47a-4600-a889-b05dac457a42",
    "data": [
      {
        "text": "Display the list of @eachCategory:category",
        "userDefined": false
      }
    ],
    "isTemplate": true,
    "count": 0,
    "updated": 1537560312
  },
  {
    "id": "05856cc5-c517-4e25-8aba-c3edf68c46ac",
    "data": [
      {
        "text": "I want to get the list of @eachCategory:category",
        "userDefined": false
      }
    ],
    "isTemplate": true,
    "count": 0,
    "updated": 1537560312
  },
  {
    "id": "70115089-8369-4973-ad07-4cf79b40dff8",
    "data": [
      {
        "text": "I want to get the list of all @eachCategory:category",
        "userDefined": false
      }
    ],
    "isTemplate": true,
    "count": 0,
    "updated": 1537560312
  },
  {
    "id": "21ab013f-3a46-421d-8076-29b03daabf94",
    "data": [
      {
        "text": "Tell me the items of @eachCategory:category",
        "userDefined": false
      }
    ],
    "isTemplate": true,
    "count": 0,
    "updated": 1537560312
  },
  {
    "id": "5a3054a4-4a1b-43b0-88f5-260a48890650",
    "data": [
      {
        "text": "Tell me the items of @eachCategory:category category",
        "userDefined": false
      }
    ],
    "isTemplate": true,
    "count": 0,
    "updated": 1537560312
  },
  {
    "id": "5b498559-0f99-493e-a975-1a99a995cfd4",
    "data": [
      {
        "text": "Give me the list of all the @eachCategory:category",
        "userDefined": false
      }
    ],
    "isTemplate": true,
    "count": 0,
    "updated": 1537559703
  }
]