[
  {
    "id": "b1de8102-4d17-45d8-bce9-5b1f6a27e02f",
    "data": [
      {
        "text": "Display the list of all the @allCategory:category",
        "userDefined": false
      }
    ],
    "isTemplate": true,
    "count": 0,
    "updated": 1537563612
  },
  {
    "id": "b9680c2b-4cc3-4b3b-8bd2-c1adb5dfaa2d",
    "data": [
      {
        "text": "Display the list of @allCategory:category",
        "userDefined": false
      }
    ],
    "isTemplate": true,
    "count": 0,
    "updated": 1537563612
  },
  {
    "id": "d9b716eb-a649-4a33-8103-24792101dc15",
    "data": [
      {
        "text": "I want the list of all the @allCategory:category  you have",
        "userDefined": false
      }
    ],
    "isTemplate": true,
    "count": 0,
    "updated": 1537559142
  },
  {
    "id": "fb995aee-d3ec-43f8-9046-522202a3c0de",
    "data": [
      {
        "text": "I want the list of all the @allCategory:category",
        "userDefined": false
      }
    ],
    "isTemplate": true,
    "count": 0,
    "updated": 1537559142
  },
  {
    "id": "ec9fca64-d825-4ccc-be0f-cc2a23161668",
    "data": [
      {
        "text": "Give me the list of all the @allCategory:category",
        "userDefined": false
      }
    ],
    "isTemplate": true,
    "count": 0,
    "updated": 1537559142
  },
  {
    "id": "18f6a3b1-60ee-4540-ba1c-d8966650f059",
    "data": [
      {
        "text": "What are the different @allCategory:category of items you have?",
        "userDefined": false
      }
    ],
    "isTemplate": true,
    "count": 0,
    "updated": 1537558741
  },
  {
    "id": "6efbee46-64e2-4d3f-b458-b9724a703029",
    "data": [
      {
        "text": "Tell me all @allCategory:category of items you have",
        "userDefined": false
      }
    ],
    "isTemplate": true,
    "count": 0,
    "updated": 1537558741
  },
  {
    "id": "f300724b-c2cf-4386-a8a9-0b8b734c9bb4",
    "data": [
      {
        "text": "Tell me all @allCategory:category",
        "userDefined": false
      }
    ],
    "isTemplate": true,
    "count": 0,
    "updated": 1537558741
  }
]