[
  {
    "id": "b25a247d-9541-4c14-92f6-bab5a98c4656",
    "data": [
      {
        "text": "@typeOfChange:change the price @typeOfPrice:changeType @sys.number:number",
        "userDefined": false
      }
    ],
    "isTemplate": true,
    "count": 1,
    "updated": 1537571215
  },
  {
    "id": "33a8cfef-e93a-4197-b55f-500e8b8f243e",
    "data": [
      {
        "text": "@typeOfChange:change its price @typeOfPrice:changeType @sys.number:number",
        "userDefined": false
      }
    ],
    "isTemplate": true,
    "count": 1,
    "updated": 1537570940
  }
]