[
  {
    "id": "0079f7d0-66d5-4d45-bab6-8a2aed1f9d67",
    "data": [
      {
        "text": "Which are the items having @stockCount:stockCount",
        "userDefined": false
      }
    ],
    "isTemplate": true,
    "count": 0,
    "updated": 1537552044
  },
  {
    "id": "9845c3c3-bcdb-467a-8bfe-0f141c94acb0",
    "data": [
      {
        "text": "@stockCount:stockCount",
        "userDefined": false
      }
    ],
    "isTemplate": true,
    "count": 0,
    "updated": 1537552044
  },
  {
    "id": "4e018973-485a-4844-94ae-a380b5c6bdf0",
    "data": [
      {
        "text": "List the items with @stockCount:stockCount",
        "userDefined": false
      }
    ],
    "isTemplate": true,
    "count": 0,
    "updated": 1537552044
  },
  {
    "id": "e598bea3-d6ea-4837-b547-e243de860134",
    "data": [
      {
        "text": "What are the items with @stockCount:stockCount",
        "userDefined": false
      }
    ],
    "isTemplate": true,
    "count": 0,
    "updated": 1537552044
  },
  {
    "id": "fc23b00b-05ff-4dd7-a02f-f96797ca39ad",
    "data": [
      {
        "text": "Tell me the items @stockCount:stockCount",
        "userDefined": false
      }
    ],
    "isTemplate": true,
    "count": 0,
    "updated": 1537551466
  }
]